{"cameraMode":{"drawMode":0,"name":"Shaded","section":"Shading Mode"},"sceneLighting":false,"audioPlay":false,"sceneViewState":{"showFog":true,"showMaterialUpdate":false,"showSkybox":false,"showFlares":true,"showImageEffects":true,"showParticleSystems":true},"in2DMode":false,"pivot":{"x":-114.15393829345703,"y":-68.42648315429688,"z":-118.0002670288086},"rotation":{"x":0.2367030680179596,"y":-0.6386964917182922,"z":0.21554870903491975,"w":0.6999801993370056},"size":157.9886932373047,"orthographic":false}