{"cameraMode":{"drawMode":0,"name":"Shaded","section":"Shading Mode"},"sceneLighting":false,"audioPlay":false,"sceneViewState":{"showFog":true,"showMaterialUpdate":false,"showSkybox":false,"showFlares":true,"showImageEffects":true,"showParticleSystems":true},"in2DMode":false,"pivot":{"x":26.978580474853517,"y":-215.7623291015625,"z":-55.91324234008789},"rotation":{"x":-0.0729544535279274,"y":-0.7904422879219055,"z":0.6007041931152344,"w":-0.09647008031606674},"size":264.49176025390627,"orthographic":false}