{"cameraMode":{"drawMode":0,"name":"Shaded","section":"Shading Mode"},"sceneLighting":false,"audioPlay":false,"sceneViewState":{"showFog":true,"showMaterialUpdate":false,"showSkybox":false,"showFlares":true,"showImageEffects":true,"showParticleSystems":true},"in2DMode":false,"pivot":{"x":-0.7266817092895508,"y":3.7278332710266115,"z":1.2236223220825196},"rotation":{"x":0.19492502510547639,"y":-0.40894803404808047,"z":0.08984225988388062,"w":0.8869878053665161},"size":14.535738945007325,"orthographic":false}