{"cameraMode":{"drawMode":0,"name":"Shaded","section":"Shading Mode"},"sceneLighting":false,"audioPlay":false,"sceneViewState":{"showFog":true,"showMaterialUpdate":false,"showSkybox":false,"showFlares":true,"showImageEffects":true,"showParticleSystems":true},"in2DMode":false,"pivot":{"x":-97.9155044555664,"y":-64.2280502319336,"z":-198.14462280273438},"rotation":{"x":0.14735664427280427,"y":-0.8341984748840332,"z":0.2664266526699066,"w":0.46022915840148928},"size":121.54421997070313,"orthographic":false}